barcode,sample,library_processing_notes,marker,Study,Tree,Sex,Collection,Season,Weevil,Nitrogen,Stream,Notes
P01_01_A,1144,,ITS1,EH2,E-2,Female,Fall,Fall,No,8,Geo-W,
P01_01_B,1089,,ITS1,EH2,E-1,Female,Fall,Fall,No,0,Geo-W,"again, for steps 2 & 3, Batch 2 waits for 10 minutes - not a problem?; All 12 below stored in freezer for nanodrop?"
P01_01_C,1162,,ITS1,EH2,E-9,Female,Fall,Fall,No,16,Geo-W,
P01_01_D,1396,,ITS1,EH2,E-7,Male,Fall,Fall,No,8,Geo-W,
P01_01_E,1209,,ITS1,EH2,E-14,Male,Fall,Fall,No,0,Geo-W,
P01_01_F,1059,,ITS1,EH2,E-6,Male,Fall,Fall,Yes,16,Geo-W,
P01_01_G,1128,,ITS1,EH2,E-15,Male,Fall,Fall,No,16,Geo-W,
P01_01_H,2005,,ITS1,EH2,E-9,Female,Fall,Fall,No,16,Geo-W,
P01_02_A,1317,,ITS1,SH2,6281,Female,Summer,Summer,Yes,0,Geo-W,pellet in supernatant transfer
P01_02_B,1094,,ITS1,EH2,E-1,Female,Fall,Fall,No,0,Geo-W,
P01_02_C,1028,,ITS1,SH2,8358,Female,Fall,Summer,No,0,Geo-W,
P01_02_D,1169,,ITS1,SH2,8377,Female,Fall,Summer,No,0,Geo-W,
P01_02_E,1054,,ITS1,EH2,E-6,Male,Fall,Fall,Yes,16,Geo-W,
P01_02_F,1216,,ITS1,EH2,E-14,Male,Fall,Fall,No,0,Geo-W,
P01_02_G,1145,,ITS1,EH2,E-2,Female,Fall,Fall,No,8,Geo-W,
P01_02_H,1100,,ITS1,EH2,E-10,Female,Fall,Fall,Yes,0,Geo-W,
P01_03_A,1336,,ITS1,SH2,8327,Female,Fall,Summer,No,0,Geo-W,
P01_03_B,1187,,ITS1,EH2,E-11,Female,Fall,Fall,No,0,Geo-W,
P01_03_C,1333,,ITS1,SH2,8366,Female,Fall,Summer,No,0,Geo-W,
P01_03_D,1323,,ITS1,SH2,6513,Male,Summer,Summer,Yes,0,Geo-W,
P01_03_E,1357,,ITS1,FH2,1471,Male,Summer,Fall,Yes,0,Geo-W,
P01_03_F,1347,,ITS1,FH2,6251,Male,Summer,Fall,Yes,0,Geo-W,
P01_03_G,1112,,ITS1,FH2,8357,Male,Fall,Fall,No,0,Geo-W,
P01_03_H,1351,,ITS1,FH2,P-907,Male,Summer,Fall,Yes,0,Geo-W,
P01_04_A,1338,,ITS1,SH2,8365,Male,Fall,Summer,No,0,Geo-W,
P01_04_B,1141,,ITS1,EH2,E-17,Male,Fall,Fall,No,8,Geo-W,
P01_04_C,1051,,ITS1,FH2,8343,Male,Fall,Fall,No,0,Geo-W,
P01_04_D,1088,,ITS1,FH2,8387,Male,Fall,Fall,No,0,Geo-W,
P01_04_E,1314,,ITS1,SH2,6295,Female,Summer,Summer,Yes,0,Geo-W,
P01_04_F,1254,,ITS1,FH2,6242,Female,Summer,Fall,Yes,0,Geo-W,
P01_04_G,1363,,ITS1,FH2,6513,Male,Summer,Fall,Yes,0,Geo-W,
P01_04_H,1038,,ITS1,FH2,8331,Male,Fall,Fall,No,0,Geo-W,
P01_05_A,1120,,ITS1,EH2,E-15,Male,Fall,Fall,No,16,Geo-W,
P01_05_B,1132,,ITS1,EH2,E-7,Male,Fall,Fall,No,8,Geo-W,
P01_05_C,1327,,ITS1,SH2,1471,Male,Summer,Summer,Yes,0,Geo-W,
P01_05_D,1369,,ITS1,FH2,S-1,Female,Summer,Fall,Yes,0,Geo-W,
P01_05_E,1343,,ITS1,FH2,6325,Male,Summer,Fall,Yes,0,Geo-W,
P01_05_F,1294,,ITS1,SH2,P-907,Male,Summer,Summer,Yes,0,Geo-W,small weight loss -leaf fell
P01_05_G,1270,,ITS1,FH2,8314,Female,Summer,Fall,Yes,0,Geo-W,
P01_05_H,1067,,ITS1,FH2,8380,Female,Fall,Fall,No,0,Geo-W,
P01_06_A,1233,,ITS1,EH2,E-3,Female,Fall,Fall,No,16,Geo-W,
P01_06_B,1108,,ITS1,EH2,E-10,Female,Fall,Fall,Yes,0,Geo-W,For these EH2 samples the nanodrop values are all higher - only difference is new spin columns. 
P01_06_C,1048,,ITS1,SH2,8343,Male,Fall,Summer,No,0,Geo-W,
P01_06_D,1267,,ITS1,SH2,8314,Female,Summer,Summer,Yes,0,Geo-W,
P01_06_E,1017,,ITS1,SH2,8356,Female,Fall,Summer,No,0,Geo-W,
P01_06_F,1303,,ITS1,SH2,6278,Male,Summer,Summer,Yes,0,Geo-W,Batch 2 (second four samples below?) sat longer in C1 solution; All 12 below stored in freezer for nanodrop?
P01_06_G,1360,,ITS1,FH2,8319,Male,Summer,Fall,Yes,0,Geo-W,
P01_06_H,1071,"sample vial says 1171, but really 1071",ITS1,SH2,8361,Male,Fall,Summer,No,0,Geo-W,
P01_07_A,1184,,ITS1,EH2,E-11,Female,Fall,Fall,No,0,Geo-W,
P01_07_B,1239,,ITS1,EH2,E-3,Female,Fall,Fall,No,16,Geo-W,"new spin columns used on these 12 below; again, for steps 2 & 3, Batch 2 waits for 10 minutes - not a problem?; All 12 below stored in freezer for nanodrop?"
P01_07_C,1118,,ITS1,SH2,8398,Male,Fall,Summer,No,0,Geo-W,pipette at step 5 weird
P01_07_D,1255,,ITS1,SH2,6242,Female,Summer,Summer,Yes,0,Geo-W,
P01_07_E,1027,,ITS1,SH2,8352,Male,Fall,Summer,No,0,Geo-W,
P01_07_F,1041,,ITS1,SH2,8331,Male,Fall,Summer,No,0,Geo-W,"again, for steps 2 & 3, Batch 2 waits for 10 minutes - not a problem?; All 12 below stored in freezer for nanodrop?"
P01_07_G,1381,,ITS1,FH2,8352,Male,Fall,Fall,No,0,Geo-W,
P01_07_H,1392,,ITS1,FH2,8342,Female,Fall,Fall,No,0,Geo-W,
P01_08_A,1139,,ITS1,EH2,E-17,Male,Fall,Fall,No,8,Geo-W,
P01_08_B,1036,,ITS1,FH2,8358,Female,Fall,Fall,No,0,Geo-W,
P01_08_C,1387,,ITS1,FH2,8366,Female,Fall,Fall,No,0,Geo-W,potential error in step 4
P01_08_D,1296,,ITS1,SH2,6325,Male,Summer,Summer,Yes,0,Geo-W,small amount lost transferring to bead tube
P01_08_E,1115,,ITS1,FH2,8398,Male,Fall,Fall,No,0,Geo-W,
P01_08_F,1367,,ITS1,FH2,6282,Female,Summer,Fall,Yes,0,Geo-W,
P01_08_G,1385,,ITS1,FH2,8327,Female,Fall,Fall,No,0,Geo-W,
P01_08_H,1320,,ITS1,SH2,S-1,Female,Summer,Summer,Yes,0,Geo-W,
P01_09_A,1060,,ITS1,EH2,E-6,Male,Fall,Fall,Yes,16,Geo-W,redo solution was slightly colored? Very high nanodrop
P01_09_B,1072,,ITS1,FH2,8361,Male,Fall,Fall,No,0,Geo-W,
P01_09_C,1353,,ITS1,FH2,6254,Male,Summer,Fall,Yes,0,Geo-W,
P01_09_D,1104,,ITS1,EH2,E-10,Female,Fall,Fall,Yes,0,Geo-W,
P01_09_E,1311,,ITS1,SH2,6254,Male,Summer,Summer,Yes,0,Geo-W,
P01_09_F,1308,,ITS1,SH2,6251,Male,Summer,Summer,Yes,0,Geo-W,
P01_09_G,1298,,ITS1,SH2,6282,Female,Summer,Summer,Yes,0,Geo-W,
P01_09_H,1109,,ITS1,SH2,8357,Male,Fall,Summer,No,0,Geo-W,
P01_10_A,1329,,ITS1,SH2,8319,Male,Summer,Summer,Yes,0,Geo-W,
P01_10_B,1345,,ITS1,FH2,6278,Male,Summer,Fall,Yes,0,Geo-W,
P01_10_C,1014,,ITS1,FH2,8356,Female,Fall,Fall,No,0,Geo-W,
P01_10_D,1064,,ITS1,SH2,8380,Female,Fall,Summer,No,0,Geo-W,
P01_10_E,1284,,ITS1,SH2,6264,Female,Summer,Summer,Yes,0,Geo-W,error step 7; but nano was fine - error was minor? Step 10 some splashed out
P01_10_F,1166,,ITS1,FH2,8377,Female,Fall,Fall,No,0,Geo-W,
P01_10_G,1304,,ITS1,SH2,8342,Female,Fall,Summer,No,0,Geo-W,
P01_10_H,1286,,ITS1,FH2,6264,Female,Summer,Fall,Yes,0,Geo-W,
P01_11_A,1201,,ITS1,FH2,E-11,Female,Fall,Fall,No,0,Geo-W,
P01_11_B,1086,,ITS1,SH2,8387,Male,Fall,Summer,No,0,Geo-W,
P01_11_C,1374,,ITS1,FH2,6281,Female,Summer,Fall,Yes,0,Geo-W,
P01_11_D,1206,,ITS1,SH2,E-11,Female,Fall,Summer,No,0,Geo-W,
P01_11_E,1371,,ITS1,FH2,6295,Female,Summer,Fall,Yes,0,Geo-W,didn't mix? Nano drop too high?
P01_11_F,1377,,ITS1,FH2,8365,Male,Fall,Fall,No,0,Geo-W,
P01_11_G,1273,,ITS1,FH2,6234,Female,Summer,Fall,Yes,0,Geo-W,
P01_11_H,1369,,ITS1,FH2,S-1,Female,Summer,Fall,Yes,0,Geo-W,
P01_12_A,7381,,ITS1,SH2-18,2,Male,Summer,Summer,Yes,0,Forsyth,
P01_12_B,4813,,ITS1,SH2-18,3,Male,Summer,Summer,Yes,0,Forsyth,
P01_12_C,6015,,ITS1,SH1-18,8320,Female,Summer,Summer,Yes,0,Forsyth,
P01_12_D,4888,,ITS1,SH1-18,1,Male,Summer,Summer,Yes,0,Forsyth,
P01_12_E,7896,,ITS1,SH2-18,8332,Female,Summer,Summer,Yes,0,Forsyth,
P01_12_F,3755,,ITS1,SH2-18,1,Male,Summer,Summer,Yes,0,Forsyth,
P01_12_G,neg,,ITS1,,,,,,,,,
P01_12_H,pos,,ITS1,,,,,,,,,
P02_01_A,1144,,ITS2,EH2,E-2,Female,Fall,Fall,No,8,Geo-W,
P02_01_B,1089,,ITS2,EH2,E-1,Female,Fall,Fall,No,0,Geo-W,"again, for steps 2 & 3, Batch 2 waits for 10 minutes - not a problem?; All 12 below stored in freezer for nanodrop?"
P02_01_C,1162,,ITS2,EH2,E-9,Female,Fall,Fall,No,16,Geo-W,
P02_01_D,1396,,ITS2,EH2,E-7,Male,Fall,Fall,No,8,Geo-W,
P02_01_E,1209,,ITS2,EH2,E-14,Male,Fall,Fall,No,0,Geo-W,
P02_01_F,1059,,ITS2,EH2,E-6,Male,Fall,Fall,Yes,16,Geo-W,
P02_01_G,1128,,ITS2,EH2,E-15,Male,Fall,Fall,No,16,Geo-W,
P02_01_H,2005,,ITS2,EH2,E-9,Female,Fall,Fall,No,16,Geo-W,
P02_02_A,1317,,ITS2,SH2,6281,Female,Summer,Summer,Yes,0,Geo-W,pellet in supernatant transfer
P02_02_B,1094,,ITS2,EH2,E-1,Female,Fall,Fall,No,0,Geo-W,
P02_02_C,1028,,ITS2,SH2,8358,Female,Fall,Summer,No,0,Geo-W,
P02_02_D,1169,,ITS2,SH2,8377,Female,Fall,Summer,No,0,Geo-W,
P02_02_E,1054,,ITS2,EH2,E-6,Male,Fall,Fall,Yes,16,Geo-W,
P02_02_F,1216,,ITS2,EH2,E-14,Male,Fall,Fall,No,0,Geo-W,
P02_02_G,1145,,ITS2,EH2,E-2,Female,Fall,Fall,No,8,Geo-W,
P02_02_H,1100,,ITS2,EH2,E-10,Female,Fall,Fall,Yes,0,Geo-W,
P02_03_A,1336,,ITS2,SH2,8327,Female,Fall,Summer,No,0,Geo-W,
P02_03_B,1187,,ITS2,EH2,E-11,Female,Fall,Fall,No,0,Geo-W,
P02_03_C,1333,,ITS2,SH2,8366,Female,Fall,Summer,No,0,Geo-W,
P02_03_D,1323,,ITS2,SH2,6513,Male,Summer,Summer,Yes,0,Geo-W,
P02_03_E,1357,,ITS2,FH2,1471,Male,Summer,Fall,Yes,0,Geo-W,
P02_03_F,1347,,ITS2,FH2,6251,Male,Summer,Fall,Yes,0,Geo-W,
P02_03_G,1112,,ITS2,FH2,8357,Male,Fall,Fall,No,0,Geo-W,
P02_03_H,1351,,ITS2,FH2,P-907,Male,Summer,Fall,Yes,0,Geo-W,
P02_04_A,1338,,ITS2,SH2,8365,Male,Fall,Summer,No,0,Geo-W,
P02_04_B,1141,,ITS2,EH2,E-17,Male,Fall,Fall,No,8,Geo-W,
P02_04_C,1051,,ITS2,FH2,8343,Male,Fall,Fall,No,0,Geo-W,
P02_04_D,1088,,ITS2,FH2,8387,Male,Fall,Fall,No,0,Geo-W,
P02_04_E,1314,,ITS2,SH2,6295,Female,Summer,Summer,Yes,0,Geo-W,
P02_04_F,1254,,ITS2,FH2,6242,Female,Summer,Fall,Yes,0,Geo-W,
P02_04_G,1363,,ITS2,FH2,6513,Male,Summer,Fall,Yes,0,Geo-W,
P02_04_H,1038,,ITS2,FH2,8331,Male,Fall,Fall,No,0,Geo-W,
P02_05_A,1120,,ITS2,EH2,E-15,Male,Fall,Fall,No,16,Geo-W,
P02_05_B,1132,,ITS2,EH2,E-7,Male,Fall,Fall,No,8,Geo-W,
P02_05_C,1327,,ITS2,SH2,1471,Male,Summer,Summer,Yes,0,Geo-W,
P02_05_D,1369,,ITS2,FH2,S-1,Female,Summer,Fall,Yes,0,Geo-W,
P02_05_E,1343,,ITS2,FH2,6325,Male,Summer,Fall,Yes,0,Geo-W,
P02_05_F,1294,,ITS2,SH2,P-907,Male,Summer,Summer,Yes,0,Geo-W,small weight loss -leaf fell
P02_05_G,1270,,ITS2,FH2,8314,Female,Summer,Fall,Yes,0,Geo-W,
P02_05_H,1067,,ITS2,FH2,8380,Female,Fall,Fall,No,0,Geo-W,
P02_06_A,1233,,ITS2,EH2,E-3,Female,Fall,Fall,No,16,Geo-W,
P02_06_B,1108,,ITS2,EH2,E-10,Female,Fall,Fall,Yes,0,Geo-W,For these EH2 samples the nanodrop values are all higher - only difference is new spin columns. 
P02_06_C,1048,,ITS2,SH2,8343,Male,Fall,Summer,No,0,Geo-W,
P02_06_D,1267,,ITS2,SH2,8314,Female,Summer,Summer,Yes,0,Geo-W,
P02_06_E,1017,,ITS2,SH2,8356,Female,Fall,Summer,No,0,Geo-W,
P02_06_F,1303,,ITS2,SH2,6278,Male,Summer,Summer,Yes,0,Geo-W,Batch 2 (second four samples below?) sat longer in C1 solution; All 12 below stored in freezer for nanodrop?
P02_06_G,1360,,ITS2,FH2,8319,Male,Summer,Fall,Yes,0,Geo-W,
P02_06_H,1071,"sample vial says 1171, but really 1071",ITS2,SH2,8361,Male,Fall,Summer,No,0,Geo-W,
P02_07_A,1184,,ITS2,EH2,E-11,Female,Fall,Fall,No,0,Geo-W,
P02_07_B,1239,,ITS2,EH2,E-3,Female,Fall,Fall,No,16,Geo-W,"new spin columns used on these 12 below; again, for steps 2 & 3, Batch 2 waits for 10 minutes - not a problem?; All 12 below stored in freezer for nanodrop?"
P02_07_C,1118,,ITS2,SH2,8398,Male,Fall,Summer,No,0,Geo-W,pipette at step 5 weird
P02_07_D,1255,,ITS2,SH2,6242,Female,Summer,Summer,Yes,0,Geo-W,
P02_07_E,1027,,ITS2,SH2,8352,Male,Fall,Summer,No,0,Geo-W,
P02_07_F,1041,,ITS2,SH2,8331,Male,Fall,Summer,No,0,Geo-W,"again, for steps 2 & 3, Batch 2 waits for 10 minutes - not a problem?; All 12 below stored in freezer for nanodrop?"
P02_07_G,1381,,ITS2,FH2,8352,Male,Fall,Fall,No,0,Geo-W,
P02_07_H,1392,,ITS2,FH2,8342,Female,Fall,Fall,No,0,Geo-W,
P02_08_A,1139,,ITS2,EH2,E-17,Male,Fall,Fall,No,8,Geo-W,
P02_08_B,1036,,ITS2,FH2,8358,Female,Fall,Fall,No,0,Geo-W,
P02_08_C,1387,,ITS2,FH2,8366,Female,Fall,Fall,No,0,Geo-W,potential error in step 4
P02_08_D,1296,,ITS2,SH2,6325,Male,Summer,Summer,Yes,0,Geo-W,small amount lost transferring to bead tube
P02_08_E,1115,,ITS2,FH2,8398,Male,Fall,Fall,No,0,Geo-W,
P02_08_F,1367,,ITS2,FH2,6282,Female,Summer,Fall,Yes,0,Geo-W,
P02_08_G,1385,,ITS2,FH2,8327,Female,Fall,Fall,No,0,Geo-W,
P02_08_H,1320,,ITS2,SH2,S-1,Female,Summer,Summer,Yes,0,Geo-W,
P02_09_A,1060,,ITS2,EH2,E-6,Male,Fall,Fall,Yes,16,Geo-W,redo solution was slightly colored? Very high nanodrop
P02_09_B,1072,,ITS2,FH2,8361,Male,Fall,Fall,No,0,Geo-W,
P02_09_C,1353,,ITS2,FH2,6254,Male,Summer,Fall,Yes,0,Geo-W,
P02_09_D,1104,,ITS2,EH2,E-10,Female,Fall,Fall,Yes,0,Geo-W,
P02_09_E,1311,,ITS2,SH2,6254,Male,Summer,Summer,Yes,0,Geo-W,
P02_09_F,1308,,ITS2,SH2,6251,Male,Summer,Summer,Yes,0,Geo-W,
P02_09_G,1298,,ITS2,SH2,6282,Female,Summer,Summer,Yes,0,Geo-W,
P02_09_H,1109,,ITS2,SH2,8357,Male,Fall,Summer,No,0,Geo-W,
P02_10_A,1329,,ITS2,SH2,8319,Male,Summer,Summer,Yes,0,Geo-W,
P02_10_B,1345,,ITS2,FH2,6278,Male,Summer,Fall,Yes,0,Geo-W,
P02_10_C,1014,,ITS2,FH2,8356,Female,Fall,Fall,No,0,Geo-W,
P02_10_D,1064,,ITS2,SH2,8380,Female,Fall,Summer,No,0,Geo-W,
P02_10_E,1284,,ITS2,SH2,6264,Female,Summer,Summer,Yes,0,Geo-W,error step 7; but nano was fine - error was minor? Step 10 some splashed out
P02_10_F,1166,,ITS2,FH2,8377,Female,Fall,Fall,No,0,Geo-W,
P02_10_G,1304,,ITS2,SH2,8342,Female,Fall,Summer,No,0,Geo-W,
P02_10_H,1286,,ITS2,FH2,6264,Female,Summer,Fall,Yes,0,Geo-W,
P02_11_A,1201,,ITS2,FH2,E-11,Female,Fall,Fall,No,0,Geo-W,
P02_11_B,1086,,ITS2,SH2,8387,Male,Fall,Summer,No,0,Geo-W,
P02_11_C,1374,,ITS2,FH2,6281,Female,Summer,Fall,Yes,0,Geo-W,
P02_11_D,1206,,ITS2,SH2,E-11,Female,Fall,Summer,No,0,Geo-W,
P02_11_E,1371,,ITS2,FH2,6295,Female,Summer,Fall,Yes,0,Geo-W,didn't mix? Nano drop too high?
P02_11_F,1377,,ITS2,FH2,8365,Male,Fall,Fall,No,0,Geo-W,
P02_11_G,1273,,ITS2,FH2,6234,Female,Summer,Fall,Yes,0,Geo-W,
P02_11_H,1369,,ITS2,FH2,S-1,Female,Summer,Fall,Yes,0,Geo-W,
P02_12_A,7381,,ITS2,SH2-18,2,Male,Summer,Summer,Yes,0,Forsyth,
P02_12_B,4813,,ITS2,SH2-18,3,Male,Summer,Summer,Yes,0,Forsyth,
P02_12_C,6015,,ITS2,SH1-18,8320,Female,Summer,Summer,Yes,0,Forsyth,
P02_12_D,4888,,ITS2,SH1-18,1,Male,Summer,Summer,Yes,0,Forsyth,
P02_12_E,7896,,ITS2,SH2-18,8332,Female,Summer,Summer,Yes,0,Forsyth,
P02_12_F,3755,,ITS2,SH2-18,1,Male,Summer,Summer,Yes,0,Forsyth,
P02_12_G,neg,,ITS2,,,,,,,,,
P02_12_H,pos,,ITS2,,,,,,,,,
P03_01_A,1144,"Ran out of 1144 for bacterial PCR plate 1, placed more on Bact plate 2",V4,EH2,E-2,Female,Fall,Fall,No,8,Geo-W,
P03_01_B,1089,,V4,EH2,E-1,Female,Fall,Fall,No,0,Geo-W,"again, for steps 2 & 3, Batch 2 waits for 10 minutes - not a problem?; All 12 below stored in freezer for nanodrop?"
P03_01_C,1162,,V4,EH2,E-9,Female,Fall,Fall,No,16,Geo-W,
P03_01_D,1396,,V4,EH2,E-7,Male,Fall,Fall,No,8,Geo-W,
P03_01_E,1209,,V4,EH2,E-14,Male,Fall,Fall,No,0,Geo-W,
P03_01_F,1059,"Ran out of 1059 for bacterial PCR plate, placed more on Bact plate 2",V4,EH2,E-6,Male,Fall,Fall,Yes,16,Geo-W,
P03_01_G,1128,,V4,EH2,E-15,Male,Fall,Fall,No,16,Geo-W,
P03_01_H,2005,,V4,EH2,E-9,Female,Fall,Fall,No,16,Geo-W,
P03_02_A,1317,,V4,SH2,6281,Female,Summer,Summer,Yes,0,Geo-W,pellet in supernatant transfer
P03_02_B,1094,,V4,EH2,E-1,Female,Fall,Fall,No,0,Geo-W,
P03_02_C,1028,,V4,SH2,8358,Female,Fall,Summer,No,0,Geo-W,
P03_02_D,1169,,V4,SH2,8377,Female,Fall,Summer,No,0,Geo-W,
P03_02_E,1054,,V4,EH2,E-6,Male,Fall,Fall,Yes,16,Geo-W,
P03_02_F,1216,,V4,EH2,E-14,Male,Fall,Fall,No,0,Geo-W,
P03_02_G,1145,,V4,EH2,E-2,Female,Fall,Fall,No,8,Geo-W,
P03_02_H,1100,,V4,EH2,E-10,Female,Fall,Fall,Yes,0,Geo-W,
P03_03_A,1336,,V4,SH2,8327,Female,Fall,Summer,No,0,Geo-W,
P03_03_B,1187,,V4,EH2,E-11,Female,Fall,Fall,No,0,Geo-W,
P03_03_C,1333,,V4,SH2,8366,Female,Fall,Summer,No,0,Geo-W,
P03_03_D,1323,,V4,SH2,6513,Male,Summer,Summer,Yes,0,Geo-W,
P03_03_E,1357,,V4,FH2,1471,Male,Summer,Fall,Yes,0,Geo-W,
P03_03_F,1347,,V4,FH2,6251,Male,Summer,Fall,Yes,0,Geo-W,
P03_03_G,1112,,V4,FH2,8357,Male,Fall,Fall,No,0,Geo-W,
P03_03_H,1351,,V4,FH2,P-907,Male,Summer,Fall,Yes,0,Geo-W,
P03_04_A,1338,,V4,SH2,8365,Male,Fall,Summer,No,0,Geo-W,
P03_04_B,1141,,V4,EH2,E-17,Male,Fall,Fall,No,8,Geo-W,
P03_04_C,1051,,V4,FH2,8343,Male,Fall,Fall,No,0,Geo-W,
P03_04_D,1088,,V4,FH2,8387,Male,Fall,Fall,No,0,Geo-W,
P03_04_E,1314,,V4,SH2,6295,Female,Summer,Summer,Yes,0,Geo-W,
P03_04_F,1254,,V4,FH2,6242,Female,Summer,Fall,Yes,0,Geo-W,
P03_04_G,1363,,V4,FH2,6513,Male,Summer,Fall,Yes,0,Geo-W,
P03_04_H,1038,,V4,FH2,8331,Male,Fall,Fall,No,0,Geo-W,
P03_05_A,1120,DNA might have been added twice!,V4,EH2,E-15,Male,Fall,Fall,No,16,Geo-W,
P03_05_B,1132,DNA might have been added twice!,V4,EH2,E-7,Male,Fall,Fall,No,8,Geo-W,
P03_05_C,1327,DNA might have been added twice!,V4,SH2,1471,Male,Summer,Summer,Yes,0,Geo-W,
P03_05_D,1369,DNA might have been added twice!,V4,FH2,S-1,Female,Summer,Fall,Yes,0,Geo-W,
P03_05_E,1343,DNA might have been added twice!,V4,FH2,6325,Male,Summer,Fall,Yes,0,Geo-W,
P03_05_F,1294,DNA might have been added twice!,V4,SH2,P-907,Male,Summer,Summer,Yes,0,Geo-W,small weight loss -leaf fell
P03_05_G,1270,DNA might have been added twice!,V4,FH2,8314,Female,Summer,Fall,Yes,0,Geo-W,
P03_05_H,1067,DNA might have been added twice!,V4,FH2,8380,Female,Fall,Fall,No,0,Geo-W,
P03_06_A,1233,,V4,EH2,E-3,Female,Fall,Fall,No,16,Geo-W,
P03_06_B,1108,,V4,EH2,E-10,Female,Fall,Fall,Yes,0,Geo-W,For these EH2 samples the nanodrop values are all higher - only difference is new spin columns. 
P03_06_C,1048,,V4,SH2,8343,Male,Fall,Summer,No,0,Geo-W,
P03_06_D,1267,,V4,SH2,8314,Female,Summer,Summer,Yes,0,Geo-W,
P03_06_E,1017,,V4,SH2,8356,Female,Fall,Summer,No,0,Geo-W,
P03_06_F,1303,,V4,SH2,6278,Male,Summer,Summer,Yes,0,Geo-W,Batch 2 (second four samples below?) sat longer in C1 solution; All 12 below stored in freezer for nanodrop?
P03_06_G,1360,,V4,FH2,8319,Male,Summer,Fall,Yes,0,Geo-W,
P03_06_H,1071,"sample vial says 1171, but really 1071",V4,SH2,8361,Male,Fall,Summer,No,0,Geo-W,
P03_07_A,1184,,V4,EH2,E-11,Female,Fall,Fall,No,0,Geo-W,
P03_07_B,1239,,V4,EH2,E-3,Female,Fall,Fall,No,16,Geo-W,"new spin columns used on these 12 below; again, for steps 2 & 3, Batch 2 waits for 10 minutes - not a problem?; All 12 below stored in freezer for nanodrop?"
P03_07_C,1118,,V4,SH2,8398,Male,Fall,Summer,No,0,Geo-W,pipette at step 5 weird
P03_07_D,1255,,V4,SH2,6242,Female,Summer,Summer,Yes,0,Geo-W,
P03_07_E,1027,,V4,SH2,8352,Male,Fall,Summer,No,0,Geo-W,
P03_07_F,1041,,V4,SH2,8331,Male,Fall,Summer,No,0,Geo-W,"again, for steps 2 & 3, Batch 2 waits for 10 minutes - not a problem?; All 12 below stored in freezer for nanodrop?"
P03_07_G,1381,,V4,FH2,8352,Male,Fall,Fall,No,0,Geo-W,
P03_07_H,1392,,V4,FH2,8342,Female,Fall,Fall,No,0,Geo-W,
P03_08_A,1139,,V4,EH2,E-17,Male,Fall,Fall,No,8,Geo-W,
P03_08_B,1036,,V4,FH2,8358,Female,Fall,Fall,No,0,Geo-W,
P03_08_C,1387,,V4,FH2,8366,Female,Fall,Fall,No,0,Geo-W,potential error in step 4
P03_08_D,1296,,V4,SH2,6325,Male,Summer,Summer,Yes,0,Geo-W,small amount lost transferring to bead tube
P03_08_E,1115,,V4,FH2,8398,Male,Fall,Fall,No,0,Geo-W,
P03_08_F,1367,,V4,FH2,6282,Female,Summer,Fall,Yes,0,Geo-W,
P03_08_G,1385,,V4,FH2,8327,Female,Fall,Fall,No,0,Geo-W,
P03_08_H,1320,,V4,SH2,S-1,Female,Summer,Summer,Yes,0,Geo-W,
P03_09_A,1060,,V4,EH2,E-6,Male,Fall,Fall,Yes,16,Geo-W,redo solution was slightly colored? Very high nanodrop
P03_09_B,1072,,V4,FH2,8361,Male,Fall,Fall,No,0,Geo-W,
P03_09_C,1353,,V4,FH2,6254,Male,Summer,Fall,Yes,0,Geo-W,
P03_09_D,1104,,V4,EH2,E-10,Female,Fall,Fall,Yes,0,Geo-W,
P03_09_E,1311,,V4,SH2,6254,Male,Summer,Summer,Yes,0,Geo-W,
P03_09_F,1308,,V4,SH2,6251,Male,Summer,Summer,Yes,0,Geo-W,
P03_09_G,1298,,V4,SH2,6282,Female,Summer,Summer,Yes,0,Geo-W,
P03_09_H,1109,,V4,SH2,8357,Male,Fall,Summer,No,0,Geo-W,
P03_10_A,1329,,V4,SH2,8319,Male,Summer,Summer,Yes,0,Geo-W,
P03_10_B,1345,,V4,FH2,6278,Male,Summer,Fall,Yes,0,Geo-W,
P03_10_C,1014,,V4,FH2,8356,Female,Fall,Fall,No,0,Geo-W,
P03_10_D,1064,,V4,SH2,8380,Female,Fall,Summer,No,0,Geo-W,
P03_10_E,1284,,V4,SH2,6264,Female,Summer,Summer,Yes,0,Geo-W,error step 7; but nano was fine - error was minor? Step 10 some splashed out
P03_10_F,1166,,V4,FH2,8377,Female,Fall,Fall,No,0,Geo-W,
P03_10_G,1304,,V4,SH2,8342,Female,Fall,Summer,No,0,Geo-W,
P03_10_H,1286,,V4,FH2,6264,Female,Summer,Fall,Yes,0,Geo-W,
P03_11_A,1201,,V4,FH2,E-11,Female,Fall,Fall,No,0,Geo-W,
P03_11_B,1086,,V4,SH2,8387,Male,Fall,Summer,No,0,Geo-W,
P03_11_C,1374,,V4,FH2,6281,Female,Summer,Fall,Yes,0,Geo-W,
P03_11_D,1206,,V4,SH2,E-11,Female,Fall,Summer,No,0,Geo-W,
P03_11_E,1371,,V4,FH2,6295,Female,Summer,Fall,Yes,0,Geo-W,didn't mix? Nano drop too high?
P03_11_F,1377,,V4,FH2,8365,Male,Fall,Fall,No,0,Geo-W,
P03_11_G,1273,,V4,FH2,6234,Female,Summer,Fall,Yes,0,Geo-W,
P03_11_H,1369,,V4,FH2,S-1,Female,Summer,Fall,Yes,0,Geo-W,
P03_12_A,7381,,V4,SH2-18,2,Male,Summer,Summer,Yes,0,Forsyth,
P03_12_B,4813,,V4,SH2-18,3,Male,Summer,Summer,Yes,0,Forsyth,
P03_12_C,6015,,V4,SH1-18,8320,Female,Summer,Summer,Yes,0,Forsyth,
P03_12_D,4888,,V4,SH1-18,1,Male,Summer,Summer,Yes,0,Forsyth,
P03_12_E,7896,,V4,SH2-18,8332,Female,Summer,Summer,Yes,0,Forsyth,
P03_12_F,3755,,V4,SH2-18,1,Male,Summer,Summer,Yes,0,Forsyth,
P03_12_G,neg,,V4,,,,,,,,,
P03_12_H,pos,,V4,,,,,,,,,
P04_01_A,4128,,ITS1,SH1-18,3,Male,Summer,Summer,Yes,0,Forsyth,
P04_01_B,4940,,ITS1,SH1-18,2,Male,Summer,Summer,Yes,0,Forsyth,
P04_01_C,3569,,ITS1,SH2-18,9,Female,Summer,Summer,Yes,0,Forsyth,
P04_01_D,4397,,ITS1,SH1-18,8388,Female,Summer,Summer,Yes,0,Forsyth,
P04_01_E,1514,,ITS1,SH1-18,8316,Female,Summer,Summer,Yes,0,Forsyth,
P04_01_F,4725,,ITS1,SH2-18,7,Female,Summer,Summer,Yes,0,Forsyth,
P04_01_G,1001,,ITS1,FH1-18,E-9,Female,Fall,Fall,No,16,Willow,
P04_01_H,1002,,ITS1,FH2-18,E-9,Female,Fall,Fall,No,16,Willow,
P04_02_A,1003,,ITS1,FH1-18,E-6,Male,Fall,Fall,Yes,16,Willow,
P04_02_B,1004,,ITS1,FH2-18,E-6,Male,Fall,Fall,Yes,16,Willow,
P04_02_C,1005,,ITS1,FH1-18,E-16,Female,Fall,Fall,Yes,8,Willow,
P04_02_D,1006,,ITS1,FH2-18,E-16,Female,Fall,Fall,Yes,8,Willow,
P04_02_E,1007,,ITS1,FH1-18,E-2,Female,Fall,Fall,No,8,Willow,
P04_02_F,1008,,ITS1,FH2-18,E-2,Female,Fall,Fall,No,8,Willow,
P04_02_G,1009,,ITS1,FH1-18,E-14,Male,Fall,Fall,No,0,Willow,
P04_02_H,1010,,ITS1,FH2-18,E-14,Male,Fall,Fall,No,0,Willow,
P04_03_A,1011,,ITS1,FH1-18,E-5,Male,Fall,Fall,Yes,0,Willow,
P04_03_B,1012,,ITS1,FH2-18,E-5,Male,Fall,Fall,Yes,0,Willow,
P04_03_C,MF1,,ITS1,initial,1,Male,Summer,NA,Yes,0,NA,
P04_03_D,MF2,,ITS1,initial,2,Male,Summer,NA,Yes,0,NA,
P04_03_E,MF3,,ITS1,initial,3,Male,Summer,NA,Yes,0,NA,
P04_03_F,MF5,,ITS1,initial,8316,Female,Summer,NA,Yes,0,NA,
P04_03_G,MF9,8 & 9 may have been switched (the order here is the order from the tray),ITS1,initial,9,Female,Summer,NA,Yes,0,NA,
P04_03_H,MF8,8 & 9 may have been switched (the order here is the order from the tray),ITS1,initial,8388,Female,Summer,NA,Yes,0,NA,
P04_04_A,8365A,plant DNA?,ITS1,plantpro,8365,Male,Fall,NA,No,0,NA,
P04_04_B,8332b,Logan,ITS1,initial,8332,Female,Summer,NA,Yes,0,NA,
P04_04_C,455b,Logan,ITS1,initial,8320,Female,Summer,NA,Yes,0,NA,
P04_04_D,4b,Logan,ITS1,initial,4,Male,Summer,NA,Yes,0,NA,
P04_04_E,7b,Logan,ITS1,initial,7,Female,Summer,NA,Yes,0,NA,
P04_04_F,NLPW,Logan,ITS1,env,willow,NA,NA,Fall,NA,NA,Forsyth,
P04_04_G,NLPA,Logan,ITS1,env,alder,NA,NA,Fall,NA,NA,Forsyth,
P04_04_H,neg,,ITS1,,,,,,,,,
P04_05_A,pos,,ITS1,,,,,,,,,
P04_06_A,4128,,ITS2,SH1-18,3,Male,Summer,Summer,Yes,0,Forsyth,
P04_06_B,4940,,ITS2,SH1-18,2,Male,Summer,Summer,Yes,0,Forsyth,
P04_06_C,3569,,ITS2,SH2-18,9,Female,Summer,Summer,Yes,0,Forsyth,
P04_06_D,4397,,ITS2,SH1-18,8388,Female,Summer,Summer,Yes,0,Forsyth,
P04_06_E,1514,,ITS2,SH1-18,8316,Female,Summer,Summer,Yes,0,Forsyth,
P04_06_F,4725,,ITS2,SH2-18,7,Female,Summer,Summer,Yes,0,Forsyth,
P04_06_G,1001,,ITS2,FH1-18,E-9,Female,Fall,Fall,No,16,Willow,
P04_06_H,1002,,ITS2,FH2-18,E-9,Female,Fall,Fall,No,16,Willow,
P04_07_A,1003,,ITS2,FH1-18,E-6,Male,Fall,Fall,Yes,16,Willow,
P04_07_B,1004,,ITS2,FH2-18,E-6,Male,Fall,Fall,Yes,16,Willow,
P04_07_C,1005,,ITS2,FH1-18,E-16,Female,Fall,Fall,Yes,8,Willow,
P04_07_D,1006,,ITS2,FH2-18,E-16,Female,Fall,Fall,Yes,8,Willow,
P04_07_E,1007,,ITS2,FH1-18,E-2,Female,Fall,Fall,No,8,Willow,
P04_07_F,1008,,ITS2,FH2-18,E-2,Female,Fall,Fall,No,8,Willow,
P04_07_G,1009,,ITS2,FH1-18,E-14,Male,Fall,Fall,No,0,Willow,
P04_07_H,1010,,ITS2,FH2-18,E-14,Male,Fall,Fall,No,0,Willow,
P04_08_A,1011,,ITS2,FH1-18,E-5,Male,Fall,Fall,Yes,0,Willow,
P04_08_B,1012,,ITS2,FH2-18,E-5,Male,Fall,Fall,Yes,0,Willow,
P04_08_C,MF1,,ITS2,initial,1,Male,Summer,NA,Yes,0,NA,
P04_08_D,MF2,,ITS2,initial,2,Male,Summer,NA,Yes,0,NA,
P04_08_E,MF3,,ITS2,initial,3,Male,Summer,NA,Yes,0,NA,
P04_08_F,MF5,,ITS2,initial,8316,Female,Summer,NA,Yes,0,NA,
P04_08_G,MF9,8 & 9 may have been switched (the order here is the order from the tray),ITS2,initial,9,Female,Summer,NA,Yes,0,NA,
P04_08_H,MF8,8 & 9 may have been switched (the order here is the order from the tray),ITS2,initial,8388,Female,Summer,NA,Yes,0,NA,
P04_09_A,8365A,plant DNA?,ITS2,plantpro,8365,Male,Fall,NA,No,0,NA,
P04_09_B,8332b,Logan,ITS2,initial,8332,Female,Summer,NA,Yes,0,NA,
P04_09_C,455b,Logan,ITS2,initial,8320,Female,Summer,NA,Yes,0,NA,
P04_09_D,4b,Logan,ITS2,initial,4,Male,Summer,NA,Yes,0,NA,
P04_09_E,7b,Logan,ITS2,initial,7,Female,Summer,NA,Yes,0,NA,
P04_09_F,NLPW,Logan,ITS2,env,willow,NA,NA,Fall,NA,NA,Forsyth,
P04_09_G,NLPA,Logan,ITS2,env,alder,NA,NA,Fall,NA,NA,Forsyth,
P04_09_H,neg,,ITS2,,,,,,,,,
P04_10_A,pos,,ITS2,,,,,,,,,
P04_11_A,4128,,V4,SH1-18,3,Male,Summer,Summer,Yes,0,Forsyth,
P04_11_B,4940,,V4,SH1-18,2,Male,Summer,Summer,Yes,0,Forsyth,
P04_11_C,3569,,V4,SH2-18,9,Female,Summer,Summer,Yes,0,Forsyth,
P04_11_D,4397,,V4,SH1-18,8388,Female,Summer,Summer,Yes,0,Forsyth,
P04_11_E,1514,,V4,SH1-18,8316,Female,Summer,Summer,Yes,0,Forsyth,
P04_11_F,4725,,V4,SH2-18,7,Female,Summer,Summer,Yes,0,Forsyth,
P04_11_G,1001,,V4,FH1-18,E-9,Female,Fall,Fall,No,16,Willow,
P04_11_H,1002,,V4,FH2-18,E-9,Female,Fall,Fall,No,16,Willow,
P04_12_A,1003,,V4,FH1-18,E-6,Male,Fall,Fall,Yes,16,Willow,
P04_12_B,1004,,V4,FH2-18,E-6,Male,Fall,Fall,Yes,16,Willow,
P04_12_C,1005,,V4,FH1-18,E-16,Female,Fall,Fall,Yes,8,Willow,
P04_12_D,1006,,V4,FH2-18,E-16,Female,Fall,Fall,Yes,8,Willow,
P04_12_E,1007,,V4,FH1-18,E-2,Female,Fall,Fall,No,8,Willow,
P04_12_F,1008,,V4,FH2-18,E-2,Female,Fall,Fall,No,8,Willow,
P04_12_G,1009,,V4,FH1-18,E-14,Male,Fall,Fall,No,0,Willow,
P04_12_H,1010,,V4,FH2-18,E-14,Male,Fall,Fall,No,0,Willow,
P05_01_A,1011,,V4,FH1-18,E-5,Male,Fall,Fall,Yes,0,Willow,
P05_01_B,1012,,V4,FH2-18,E-5,Male,Fall,Fall,Yes,0,Willow,
P05_01_C,MF1,,V4,initial,1,Male,Summer,NA,Yes,0,NA,
P05_01_D,MF2,,V4,initial,2,Male,Summer,NA,Yes,0,NA,
P05_01_E,MF3,,V4,initial,3,Male,Summer,NA,Yes,0,NA,
P05_01_F,MF5,,V4,initial,8316,Female,Summer,NA,Yes,0,NA,
P05_01_G,MF9,8 & 9 may have been switched (the order here is the order from the tray),V4,initial,9,Female,Summer,NA,Yes,0,NA,
P05_01_H,MF8,8 & 9 may have been switched (the order here is the order from the tray),V4,initial,8388,Female,Summer,NA,Yes,0,NA,
P05_02_A,8365A,plant DNA?,V4,plantpro,8365,Male,Fall,NA,No,0,NA,
P05_02_B,8332b,Logan,V4,initial,8332,Female,Summer,NA,Yes,0,NA,
P05_02_C,455b,Logan,V4,initial,8320,Female,Summer,NA,Yes,0,NA,
P05_02_D,4b,Logan,V4,initial,4,Male,Summer,NA,Yes,0,NA,
P05_02_E,7b,Logan,V4,initial,7,Female,Summer,NA,Yes,0,NA,
P05_02_F,NLPW,Logan,V4,env,willow,NA,NA,Fall,NA,NA,Forsyth,
P05_02_G,NLPA,Logan,V4,env,alder,NA,NA,Fall,NA,NA,Forsyth,
P05_02_H,neg,,V4,,,,,,,,,
P05_03_A,1120,redone here since DNA might have been added twice on plate 1,V4,EH2,E-15,Male,Fall,Fall,No,16,Geo-W,
P05_03_B,1132,redone here since DNA might have been added twice on plate 2,V4,EH2,E-7,Male,Fall,Fall,No,8,Geo-W,
P05_03_C,1327,redone here since DNA might have been added twice on plate 3,V4,SH2,1471,Male,Summer,Summer,Yes,0,Geo-W,
P05_03_D,1369,redone here since DNA might have been added twice on plate 4,V4,FH2,S-1,Female,Summer,Fall,Yes,0,Geo-W,
P05_03_E,1343,redone here since DNA might have been added twice on plate 5,V4,FH2,6325,Male,Summer,Fall,Yes,0,Geo-W,
P05_03_F,1294,redone here since DNA might have been added twice on plate 6,V4,SH2,P-907,Male,Summer,Summer,Yes,0,Geo-W,small weight loss -leaf fell
P05_03_G,1270,redone here since DNA might have been added twice on plate 7,V4,FH2,8314,Female,Summer,Fall,Yes,0,Geo-W,
P05_03_H,1067,redone here since DNA might have been added twice on plate 8,V4,FH2,8380,Female,Fall,Fall,No,0,Geo-W,
P05_04_A,pos,,V4,,,,,,,,,
P05_04_B,1144,tried to get more DNA out of the original vial - not very successful,V4,EH2,E-2,Female,Fall,Fall,No,8,Geo-W,
P05_04_C,1059,tried to get more DNA out of the original vial - successful!,V4,EH2,E-6,Male,Fall,Fall,Yes,16,Geo-W,
