project,sample,notes,marker,plate,column,row,barcode,MID.fwd.i5,MID.rev.i7.rc
litter,1144,,ITS1,P01,01,A,P01_01_A,CTTGGTAG,AGAGACAC
litter,1089,,ITS1,P01,01,B,P01_01_B,CTTGGTAG,AGCAAGGT
litter,1162,,ITS1,P01,01,C,P01_01_C,CTTGGTAG,CTTGCTTG
litter,1396,,ITS1,P01,01,D,P01_01_D,CTTGGTAG,GGTAGCAA
litter,1209,,ITS1,P01,01,E,P01_01_E,GTCACAGT,AGAGACAC
litter,1059,,ITS1,P01,01,F,P01_01_F,GTCACAGT,AGCAAGGT
litter,1128,,ITS1,P01,01,G,P01_01_G,GTCACAGT,CTTGCTTG
litter,2005,,ITS1,P01,01,H,P01_01_H,GTCACAGT,GGTAGCAA
litter,1317,,ITS1,P01,02,A,P01_02_A,CTTGGTAG,TCTCTCTC
litter,1094,,ITS1,P01,02,B,P01_02_B,CTTGGTAG,CGAACGAA
litter,1028,,ITS1,P01,02,C,P01_02_C,CTTGGTAG,CACAGTCA
litter,1169,,ITS1,P01,02,D,P01_02_D,CTTGGTAG,AGGTCTAC
litter,1054,,ITS1,P01,02,E,P01_02_E,GTCACAGT,TCTCTCTC
litter,1216,,ITS1,P01,02,F,P01_02_F,GTCACAGT,CGAACGAA
litter,1145,,ITS1,P01,02,G,P01_02_G,GTCACAGT,CACAGTCA
litter,1100,,ITS1,P01,02,H,P01_02_H,GTCACAGT,AGGTCTAC
litter,1336,,ITS1,P01,03,A,P01_03_A,CTTGGTAG,GTACTGGT
litter,1187,,ITS1,P01,03,B,P01_03_B,CTTGGTAG,TGTCGACA
litter,1333,,ITS1,P01,03,C,P01_03_C,CTTGGTAG,CAGTGAGA
litter,1323,,ITS1,P01,03,D,P01_03_D,CTTGGTAG,GCATGGAA
litter,1357,,ITS1,P01,03,E,P01_03_E,GTCACAGT,GTACTGGT
litter,1347,,ITS1,P01,03,F,P01_03_F,GTCACAGT,TGTCGACA
litter,1112,,ITS1,P01,03,G,P01_03_G,GTCACAGT,CAGTGAGA
litter,1351,,ITS1,P01,03,H,P01_03_H,GTCACAGT,GCATGGAA
litter,1338,,ITS1,P01,04,A,P01_04_A,CTTGGTAG,GCAACGTT
litter,1141,,ITS1,P01,04,B,P01_04_B,CTTGGTAG,GACAGAGT
litter,1051,,ITS1,P01,04,C,P01_04_C,CTTGGTAG,CTCTCACA
litter,1088,,ITS1,P01,04,D,P01_04_D,CTTGGTAG,GTTGGTAC
litter,1314,,ITS1,P01,04,E,P01_04_E,GTCACAGT,GCAACGTT
litter,1254,,ITS1,P01,04,F,P01_04_F,GTCACAGT,GACAGAGT
litter,1363,,ITS1,P01,04,G,P01_04_G,GTCACAGT,CTCTCACA
litter,1038,,ITS1,P01,04,H,P01_04_H,GTCACAGT,GTTGGTAC
litter,1120,,ITS1,P01,05,A,P01_05_A,CTTGGTAG,ATAAGCGG
litter,1132,,ITS1,P01,05,B,P01_05_B,CTTGGTAG,GTGTCTCT
litter,1327,,ITS1,P01,05,C,P01_05_C,CTTGGTAG,CTGTACTC
litter,1369,,ITS1,P01,05,D,P01_05_D,CTTGGTAG,TGCACATG
litter,1343,,ITS1,P01,05,E,P01_05_E,GTCACAGT,ATAAGCGG
litter,1294,,ITS1,P01,05,F,P01_05_F,GTCACAGT,GTGTCTCT
litter,1270,,ITS1,P01,05,G,P01_05_G,GTCACAGT,CTGTACTC
litter,1067,,ITS1,P01,05,H,P01_05_H,GTCACAGT,TGCACATG
litter,1233,,ITS1,P01,06,A,P01_06_A,CTTGGTAG,TAGGAACG
litter,1108,,ITS1,P01,06,B,P01_06_B,CTTGGTAG,TGGTTCCT
litter,1048,,ITS1,P01,06,C,P01_06_C,CTTGGTAG,ATCCTAGG
litter,1267,,ITS1,P01,06,D,P01_06_D,CTTGGTAG,CGTTCGTT
litter,1017,,ITS1,P01,06,E,P01_06_E,GTCACAGT,TAGGAACG
litter,1303,,ITS1,P01,06,F,P01_06_F,GTCACAGT,TGGTTCCT
litter,1360,,ITS1,P01,06,G,P01_06_G,GTCACAGT,ATCCTAGG
litter,1071,"sample vial says 1171, but really 1071",ITS1,P01,06,H,P01_06_H,GTCACAGT,CGTTCGTT
litter,1184,,ITS1,P01,07,A,P01_07_A,GCTTAAGC,AGAGACAC
litter,1239,,ITS1,P01,07,B,P01_07_B,GCTTAAGC,AGCAAGGT
litter,1118,,ITS1,P01,07,C,P01_07_C,GCTTAAGC,CTTGCTTG
litter,1255,,ITS1,P01,07,D,P01_07_D,GCTTAAGC,GGTAGCAA
litter,1027,,ITS1,P01,07,E,P01_07_E,CAACTGCA,AGAGACAC
litter,1041,,ITS1,P01,07,F,P01_07_F,CAACTGCA,AGCAAGGT
litter,1381,,ITS1,P01,07,G,P01_07_G,CAACTGCA,CTTGCTTG
litter,1392,,ITS1,P01,07,H,P01_07_H,CAACTGCA,GGTAGCAA
litter,1139,,ITS1,P01,08,A,P01_08_A,GCTTAAGC,TCTCTCTC
litter,1036,,ITS1,P01,08,B,P01_08_B,GCTTAAGC,CGAACGAA
litter,1387,,ITS1,P01,08,C,P01_08_C,GCTTAAGC,CACAGTCA
litter,1296,,ITS1,P01,08,D,P01_08_D,GCTTAAGC,AGGTCTAC
litter,1115,,ITS1,P01,08,E,P01_08_E,CAACTGCA,TCTCTCTC
litter,1367,,ITS1,P01,08,F,P01_08_F,CAACTGCA,CGAACGAA
litter,1385,,ITS1,P01,08,G,P01_08_G,CAACTGCA,CACAGTCA
litter,1320,,ITS1,P01,08,H,P01_08_H,CAACTGCA,AGGTCTAC
litter,1060,,ITS1,P01,09,A,P01_09_A,GCTTAAGC,GTACTGGT
litter,1072,,ITS1,P01,09,B,P01_09_B,GCTTAAGC,TGTCGACA
litter,1353,,ITS1,P01,09,C,P01_09_C,GCTTAAGC,CAGTGAGA
litter,1104,,ITS1,P01,09,D,P01_09_D,GCTTAAGC,GCATGGAA
litter,1311,,ITS1,P01,09,E,P01_09_E,CAACTGCA,GTACTGGT
litter,1308,,ITS1,P01,09,F,P01_09_F,CAACTGCA,TGTCGACA
litter,1298,,ITS1,P01,09,G,P01_09_G,CAACTGCA,CAGTGAGA
litter,1109,,ITS1,P01,09,H,P01_09_H,CAACTGCA,GCATGGAA
litter,1329,,ITS1,P01,10,A,P01_10_A,GCTTAAGC,GCAACGTT
litter,1345,,ITS1,P01,10,B,P01_10_B,GCTTAAGC,GACAGAGT
litter,1014,,ITS1,P01,10,C,P01_10_C,GCTTAAGC,CTCTCACA
litter,1064,,ITS1,P01,10,D,P01_10_D,GCTTAAGC,GTTGGTAC
litter,1284,,ITS1,P01,10,E,P01_10_E,CAACTGCA,GCAACGTT
litter,1166,,ITS1,P01,10,F,P01_10_F,CAACTGCA,GACAGAGT
litter,1304,,ITS1,P01,10,G,P01_10_G,CAACTGCA,CTCTCACA
litter,1286,,ITS1,P01,10,H,P01_10_H,CAACTGCA,GTTGGTAC
litter,1201,,ITS1,P01,11,A,P01_11_A,GCTTAAGC,ATAAGCGG
litter,1086,,ITS1,P01,11,B,P01_11_B,GCTTAAGC,GTGTCTCT
litter,1374,,ITS1,P01,11,C,P01_11_C,GCTTAAGC,CTGTACTC
litter,1206,,ITS1,P01,11,D,P01_11_D,GCTTAAGC,TGCACATG
litter,1371,,ITS1,P01,11,E,P01_11_E,CAACTGCA,ATAAGCGG
litter,1377,,ITS1,P01,11,F,P01_11_F,CAACTGCA,GTGTCTCT
litter,1273,,ITS1,P01,11,G,P01_11_G,CAACTGCA,CTGTACTC
litter,1369,,ITS1,P01,11,H,P01_11_H,CAACTGCA,TGCACATG
litter,7381,,ITS1,P01,12,A,P01_12_A,GCTTAAGC,TAGGAACG
litter,4813,,ITS1,P01,12,B,P01_12_B,GCTTAAGC,TGGTTCCT
litter,6015,,ITS1,P01,12,C,P01_12_C,GCTTAAGC,ATCCTAGG
litter,4888,,ITS1,P01,12,D,P01_12_D,GCTTAAGC,CGTTCGTT
litter,7896,,ITS1,P01,12,E,P01_12_E,CAACTGCA,TAGGAACG
litter,3755,,ITS1,P01,12,F,P01_12_F,CAACTGCA,TGGTTCCT
litter,neg,,ITS1,P01,12,G,P01_12_G,CAACTGCA,ATCCTAGG
litter,pos,,ITS1,P01,12,H,P01_12_H,CAACTGCA,CGTTCGTT
litter,1144,,ITS2,P02,01,A,P02_01_A,GGCCATAT,AGAGACAC
litter,1089,,ITS2,P02,01,B,P02_01_B,GGCCATAT,AGCAAGGT
litter,1162,,ITS2,P02,01,C,P02_01_C,GGCCATAT,CTTGCTTG
litter,1396,,ITS2,P02,01,D,P02_01_D,GGCCATAT,GGTAGCAA
litter,1209,,ITS2,P02,01,E,P02_01_E,CTTGTCCA,AGAGACAC
litter,1059,,ITS2,P02,01,F,P02_01_F,CTTGTCCA,AGCAAGGT
litter,1128,,ITS2,P02,01,G,P02_01_G,CTTGTCCA,CTTGCTTG
litter,2005,,ITS2,P02,01,H,P02_01_H,CTTGTCCA,GGTAGCAA
litter,1317,,ITS2,P02,02,A,P02_02_A,GGCCATAT,TCTCTCTC
litter,1094,,ITS2,P02,02,B,P02_02_B,GGCCATAT,CGAACGAA
litter,1028,,ITS2,P02,02,C,P02_02_C,GGCCATAT,CACAGTCA
litter,1169,,ITS2,P02,02,D,P02_02_D,GGCCATAT,AGGTCTAC
litter,1054,,ITS2,P02,02,E,P02_02_E,CTTGTCCA,TCTCTCTC
litter,1216,,ITS2,P02,02,F,P02_02_F,CTTGTCCA,CGAACGAA
litter,1145,,ITS2,P02,02,G,P02_02_G,CTTGTCCA,CACAGTCA
litter,1100,,ITS2,P02,02,H,P02_02_H,CTTGTCCA,AGGTCTAC
litter,1336,,ITS2,P02,03,A,P02_03_A,GGCCATAT,GTACTGGT
litter,1187,,ITS2,P02,03,B,P02_03_B,GGCCATAT,TGTCGACA
litter,1333,,ITS2,P02,03,C,P02_03_C,GGCCATAT,CAGTGAGA
litter,1323,,ITS2,P02,03,D,P02_03_D,GGCCATAT,GCATGGAA
litter,1357,,ITS2,P02,03,E,P02_03_E,CTTGTCCA,GTACTGGT
litter,1347,,ITS2,P02,03,F,P02_03_F,CTTGTCCA,TGTCGACA
litter,1112,,ITS2,P02,03,G,P02_03_G,CTTGTCCA,CAGTGAGA
litter,1351,,ITS2,P02,03,H,P02_03_H,CTTGTCCA,GCATGGAA
litter,1338,,ITS2,P02,04,A,P02_04_A,GGCCATAT,GCAACGTT
litter,1141,,ITS2,P02,04,B,P02_04_B,GGCCATAT,GACAGAGT
litter,1051,,ITS2,P02,04,C,P02_04_C,GGCCATAT,CTCTCACA
litter,1088,,ITS2,P02,04,D,P02_04_D,GGCCATAT,GTTGGTAC
litter,1314,,ITS2,P02,04,E,P02_04_E,CTTGTCCA,GCAACGTT
litter,1254,,ITS2,P02,04,F,P02_04_F,CTTGTCCA,GACAGAGT
litter,1363,,ITS2,P02,04,G,P02_04_G,CTTGTCCA,CTCTCACA
litter,1038,,ITS2,P02,04,H,P02_04_H,CTTGTCCA,GTTGGTAC
litter,1120,,ITS2,P02,05,A,P02_05_A,GGCCATAT,ATAAGCGG
litter,1132,,ITS2,P02,05,B,P02_05_B,GGCCATAT,GTGTCTCT
litter,1327,,ITS2,P02,05,C,P02_05_C,GGCCATAT,CTGTACTC
litter,1369,,ITS2,P02,05,D,P02_05_D,GGCCATAT,TGCACATG
litter,1343,,ITS2,P02,05,E,P02_05_E,CTTGTCCA,ATAAGCGG
litter,1294,,ITS2,P02,05,F,P02_05_F,CTTGTCCA,GTGTCTCT
litter,1270,,ITS2,P02,05,G,P02_05_G,CTTGTCCA,CTGTACTC
litter,1067,,ITS2,P02,05,H,P02_05_H,CTTGTCCA,TGCACATG
litter,1233,,ITS2,P02,06,A,P02_06_A,GGCCATAT,TAGGAACG
litter,1108,,ITS2,P02,06,B,P02_06_B,GGCCATAT,TGGTTCCT
litter,1048,,ITS2,P02,06,C,P02_06_C,GGCCATAT,ATCCTAGG
litter,1267,,ITS2,P02,06,D,P02_06_D,GGCCATAT,CGTTCGTT
litter,1017,,ITS2,P02,06,E,P02_06_E,CTTGTCCA,TAGGAACG
litter,1303,,ITS2,P02,06,F,P02_06_F,CTTGTCCA,TGGTTCCT
litter,1360,,ITS2,P02,06,G,P02_06_G,CTTGTCCA,ATCCTAGG
litter,1071,"sample vial says 1171, but really 1071",ITS2,P02,06,H,P02_06_H,CTTGTCCA,CGTTCGTT
litter,1184,,ITS2,P02,07,A,P02_07_A,TAGGCGTT,AGAGACAC
litter,1239,,ITS2,P02,07,B,P02_07_B,TAGGCGTT,AGCAAGGT
litter,1118,,ITS2,P02,07,C,P02_07_C,TAGGCGTT,CTTGCTTG
litter,1255,,ITS2,P02,07,D,P02_07_D,TAGGCGTT,GGTAGCAA
litter,1027,,ITS2,P02,07,E,P02_07_E,ACGAGAAC,AGAGACAC
litter,1041,,ITS2,P02,07,F,P02_07_F,ACGAGAAC,AGCAAGGT
litter,1381,,ITS2,P02,07,G,P02_07_G,ACGAGAAC,CTTGCTTG
litter,1392,,ITS2,P02,07,H,P02_07_H,ACGAGAAC,GGTAGCAA
litter,1139,,ITS2,P02,08,A,P02_08_A,TAGGCGTT,TCTCTCTC
litter,1036,,ITS2,P02,08,B,P02_08_B,TAGGCGTT,CGAACGAA
litter,1387,,ITS2,P02,08,C,P02_08_C,TAGGCGTT,CACAGTCA
litter,1296,,ITS2,P02,08,D,P02_08_D,TAGGCGTT,AGGTCTAC
litter,1115,,ITS2,P02,08,E,P02_08_E,ACGAGAAC,TCTCTCTC
litter,1367,,ITS2,P02,08,F,P02_08_F,ACGAGAAC,CGAACGAA
litter,1385,,ITS2,P02,08,G,P02_08_G,ACGAGAAC,CACAGTCA
litter,1320,,ITS2,P02,08,H,P02_08_H,ACGAGAAC,AGGTCTAC
litter,1060,,ITS2,P02,09,A,P02_09_A,TAGGCGTT,GTACTGGT
litter,1072,,ITS2,P02,09,B,P02_09_B,TAGGCGTT,TGTCGACA
litter,1353,,ITS2,P02,09,C,P02_09_C,TAGGCGTT,CAGTGAGA
litter,1104,,ITS2,P02,09,D,P02_09_D,TAGGCGTT,GCATGGAA
litter,1311,,ITS2,P02,09,E,P02_09_E,ACGAGAAC,GTACTGGT
litter,1308,,ITS2,P02,09,F,P02_09_F,ACGAGAAC,TGTCGACA
litter,1298,,ITS2,P02,09,G,P02_09_G,ACGAGAAC,CAGTGAGA
litter,1109,,ITS2,P02,09,H,P02_09_H,ACGAGAAC,GCATGGAA
litter,1329,,ITS2,P02,10,A,P02_10_A,TAGGCGTT,GCAACGTT
litter,1345,,ITS2,P02,10,B,P02_10_B,TAGGCGTT,GACAGAGT
litter,1014,,ITS2,P02,10,C,P02_10_C,TAGGCGTT,CTCTCACA
litter,1064,,ITS2,P02,10,D,P02_10_D,TAGGCGTT,GTTGGTAC
litter,1284,,ITS2,P02,10,E,P02_10_E,ACGAGAAC,GCAACGTT
litter,1166,,ITS2,P02,10,F,P02_10_F,ACGAGAAC,GACAGAGT
litter,1304,,ITS2,P02,10,G,P02_10_G,ACGAGAAC,CTCTCACA
litter,1286,,ITS2,P02,10,H,P02_10_H,ACGAGAAC,GTTGGTAC
litter,1201,,ITS2,P02,11,A,P02_11_A,TAGGCGTT,ATAAGCGG
litter,1086,,ITS2,P02,11,B,P02_11_B,TAGGCGTT,GTGTCTCT
litter,1374,,ITS2,P02,11,C,P02_11_C,TAGGCGTT,CTGTACTC
litter,1206,,ITS2,P02,11,D,P02_11_D,TAGGCGTT,TGCACATG
litter,1371,,ITS2,P02,11,E,P02_11_E,ACGAGAAC,ATAAGCGG
litter,1377,,ITS2,P02,11,F,P02_11_F,ACGAGAAC,GTGTCTCT
litter,1273,,ITS2,P02,11,G,P02_11_G,ACGAGAAC,CTGTACTC
litter,1369,,ITS2,P02,11,H,P02_11_H,ACGAGAAC,TGCACATG
litter,7381,,ITS2,P02,12,A,P02_12_A,TAGGCGTT,TAGGAACG
litter,4813,,ITS2,P02,12,B,P02_12_B,TAGGCGTT,TGGTTCCT
litter,6015,,ITS2,P02,12,C,P02_12_C,TAGGCGTT,ATCCTAGG
litter,4888,,ITS2,P02,12,D,P02_12_D,TAGGCGTT,CGTTCGTT
litter,7896,,ITS2,P02,12,E,P02_12_E,ACGAGAAC,TAGGAACG
litter,3755,,ITS2,P02,12,F,P02_12_F,ACGAGAAC,TGGTTCCT
litter,neg,,ITS2,P02,12,G,P02_12_G,ACGAGAAC,ATCCTAGG
litter,pos,,ITS2,P02,12,H,P02_12_H,ACGAGAAC,CGTTCGTT
litter,1144,"Ran out of 1144 for bacterial PCR plate 1, placed more on Bact plate 2",V4,P03,01,A,P03_01_A,TTCGATGG,AGAGACAC
litter,1089,,V4,P03,01,B,P03_01_B,TTCGATGG,AGCAAGGT
litter,1162,,V4,P03,01,C,P03_01_C,TTCGATGG,CTTGCTTG
litter,1396,,V4,P03,01,D,P03_01_D,TTCGATGG,GGTAGCAA
litter,1209,,V4,P03,01,E,P03_01_E,AGTCCACA,AGAGACAC
litter,1059,"Ran out of 1059 for bacterial PCR plate, placed more on Bact plate 2",V4,P03,01,F,P03_01_F,AGTCCACA,AGCAAGGT
litter,1128,,V4,P03,01,G,P03_01_G,AGTCCACA,CTTGCTTG
litter,2005,,V4,P03,01,H,P03_01_H,AGTCCACA,GGTAGCAA
litter,1317,,V4,P03,02,A,P03_02_A,TTCGATGG,TCTCTCTC
litter,1094,,V4,P03,02,B,P03_02_B,TTCGATGG,CGAACGAA
litter,1028,,V4,P03,02,C,P03_02_C,TTCGATGG,CACAGTCA
litter,1169,,V4,P03,02,D,P03_02_D,TTCGATGG,AGGTCTAC
litter,1054,,V4,P03,02,E,P03_02_E,AGTCCACA,TCTCTCTC
litter,1216,,V4,P03,02,F,P03_02_F,AGTCCACA,CGAACGAA
litter,1145,,V4,P03,02,G,P03_02_G,AGTCCACA,CACAGTCA
litter,1100,,V4,P03,02,H,P03_02_H,AGTCCACA,AGGTCTAC
litter,1336,,V4,P03,03,A,P03_03_A,TTCGATGG,GTACTGGT
litter,1187,,V4,P03,03,B,P03_03_B,TTCGATGG,TGTCGACA
litter,1333,,V4,P03,03,C,P03_03_C,TTCGATGG,CAGTGAGA
litter,1323,,V4,P03,03,D,P03_03_D,TTCGATGG,GCATGGAA
litter,1357,,V4,P03,03,E,P03_03_E,AGTCCACA,GTACTGGT
litter,1347,,V4,P03,03,F,P03_03_F,AGTCCACA,TGTCGACA
litter,1112,,V4,P03,03,G,P03_03_G,AGTCCACA,CAGTGAGA
litter,1351,,V4,P03,03,H,P03_03_H,AGTCCACA,GCATGGAA
litter,1338,,V4,P03,04,A,P03_04_A,TTCGATGG,GCAACGTT
litter,1141,,V4,P03,04,B,P03_04_B,TTCGATGG,GACAGAGT
litter,1051,,V4,P03,04,C,P03_04_C,TTCGATGG,CTCTCACA
litter,1088,,V4,P03,04,D,P03_04_D,TTCGATGG,GTTGGTAC
litter,1314,,V4,P03,04,E,P03_04_E,AGTCCACA,GCAACGTT
litter,1254,,V4,P03,04,F,P03_04_F,AGTCCACA,GACAGAGT
litter,1363,,V4,P03,04,G,P03_04_G,AGTCCACA,CTCTCACA
litter,1038,,V4,P03,04,H,P03_04_H,AGTCCACA,GTTGGTAC
litter,1120,DNA might have been added twice!,V4,P03,05,A,P03_05_A,TTCGATGG,ATAAGCGG
litter,1132,DNA might have been added twice!,V4,P03,05,B,P03_05_B,TTCGATGG,GTGTCTCT
litter,1327,DNA might have been added twice!,V4,P03,05,C,P03_05_C,TTCGATGG,CTGTACTC
litter,1369,DNA might have been added twice!,V4,P03,05,D,P03_05_D,TTCGATGG,TGCACATG
litter,1343,DNA might have been added twice!,V4,P03,05,E,P03_05_E,AGTCCACA,ATAAGCGG
litter,1294,DNA might have been added twice!,V4,P03,05,F,P03_05_F,AGTCCACA,GTGTCTCT
litter,1270,DNA might have been added twice!,V4,P03,05,G,P03_05_G,AGTCCACA,CTGTACTC
litter,1067,DNA might have been added twice!,V4,P03,05,H,P03_05_H,AGTCCACA,TGCACATG
litter,1233,,V4,P03,06,A,P03_06_A,TTCGATGG,TAGGAACG
litter,1108,,V4,P03,06,B,P03_06_B,TTCGATGG,TGGTTCCT
litter,1048,,V4,P03,06,C,P03_06_C,TTCGATGG,ATCCTAGG
litter,1267,,V4,P03,06,D,P03_06_D,TTCGATGG,CGTTCGTT
litter,1017,,V4,P03,06,E,P03_06_E,AGTCCACA,TAGGAACG
litter,1303,,V4,P03,06,F,P03_06_F,AGTCCACA,TGGTTCCT
litter,1360,,V4,P03,06,G,P03_06_G,AGTCCACA,ATCCTAGG
litter,1071,"sample vial says 1171, but really 1071",V4,P03,06,H,P03_06_H,AGTCCACA,CGTTCGTT
litter,1184,,V4,P03,07,A,P03_07_A,GCATCGAT,AGAGACAC
litter,1239,,V4,P03,07,B,P03_07_B,GCATCGAT,AGCAAGGT
litter,1118,,V4,P03,07,C,P03_07_C,GCATCGAT,CTTGCTTG
litter,1255,,V4,P03,07,D,P03_07_D,GCATCGAT,GGTAGCAA
litter,1027,,V4,P03,07,E,P03_07_E,CTGATCTC,AGAGACAC
litter,1041,,V4,P03,07,F,P03_07_F,CTGATCTC,AGCAAGGT
litter,1381,,V4,P03,07,G,P03_07_G,CTGATCTC,CTTGCTTG
litter,1392,,V4,P03,07,H,P03_07_H,CTGATCTC,GGTAGCAA
litter,1139,,V4,P03,08,A,P03_08_A,GCATCGAT,TCTCTCTC
litter,1036,,V4,P03,08,B,P03_08_B,GCATCGAT,CGAACGAA
litter,1387,,V4,P03,08,C,P03_08_C,GCATCGAT,CACAGTCA
litter,1296,,V4,P03,08,D,P03_08_D,GCATCGAT,AGGTCTAC
litter,1115,,V4,P03,08,E,P03_08_E,CTGATCTC,TCTCTCTC
litter,1367,,V4,P03,08,F,P03_08_F,CTGATCTC,CGAACGAA
litter,1385,,V4,P03,08,G,P03_08_G,CTGATCTC,CACAGTCA
litter,1320,,V4,P03,08,H,P03_08_H,CTGATCTC,AGGTCTAC
litter,1060,,V4,P03,09,A,P03_09_A,GCATCGAT,GTACTGGT
litter,1072,,V4,P03,09,B,P03_09_B,GCATCGAT,TGTCGACA
litter,1353,,V4,P03,09,C,P03_09_C,GCATCGAT,CAGTGAGA
litter,1104,,V4,P03,09,D,P03_09_D,GCATCGAT,GCATGGAA
litter,1311,,V4,P03,09,E,P03_09_E,CTGATCTC,GTACTGGT
litter,1308,,V4,P03,09,F,P03_09_F,CTGATCTC,TGTCGACA
litter,1298,,V4,P03,09,G,P03_09_G,CTGATCTC,CAGTGAGA
litter,1109,,V4,P03,09,H,P03_09_H,CTGATCTC,GCATGGAA
litter,1329,,V4,P03,10,A,P03_10_A,GCATCGAT,GCAACGTT
litter,1345,,V4,P03,10,B,P03_10_B,GCATCGAT,GACAGAGT
litter,1014,,V4,P03,10,C,P03_10_C,GCATCGAT,CTCTCACA
litter,1064,,V4,P03,10,D,P03_10_D,GCATCGAT,GTTGGTAC
litter,1284,,V4,P03,10,E,P03_10_E,CTGATCTC,GCAACGTT
litter,1166,,V4,P03,10,F,P03_10_F,CTGATCTC,GACAGAGT
litter,1304,,V4,P03,10,G,P03_10_G,CTGATCTC,CTCTCACA
litter,1286,,V4,P03,10,H,P03_10_H,CTGATCTC,GTTGGTAC
litter,1201,,V4,P03,11,A,P03_11_A,GCATCGAT,ATAAGCGG
litter,1086,,V4,P03,11,B,P03_11_B,GCATCGAT,GTGTCTCT
litter,1374,,V4,P03,11,C,P03_11_C,GCATCGAT,CTGTACTC
litter,1206,,V4,P03,11,D,P03_11_D,GCATCGAT,TGCACATG
litter,1371,,V4,P03,11,E,P03_11_E,CTGATCTC,ATAAGCGG
litter,1377,,V4,P03,11,F,P03_11_F,CTGATCTC,GTGTCTCT
litter,1273,,V4,P03,11,G,P03_11_G,CTGATCTC,CTGTACTC
litter,1369,,V4,P03,11,H,P03_11_H,CTGATCTC,TGCACATG
litter,7381,,V4,P03,12,A,P03_12_A,GCATCGAT,TAGGAACG
litter,4813,,V4,P03,12,B,P03_12_B,GCATCGAT,TGGTTCCT
litter,6015,,V4,P03,12,C,P03_12_C,GCATCGAT,ATCCTAGG
litter,4888,,V4,P03,12,D,P03_12_D,GCATCGAT,CGTTCGTT
litter,7896,,V4,P03,12,E,P03_12_E,CTGATCTC,TAGGAACG
litter,3755,,V4,P03,12,F,P03_12_F,CTGATCTC,TGGTTCCT
litter,neg,,V4,P03,12,G,P03_12_G,CTGATCTC,ATCCTAGG
litter,pos,,V4,P03,12,H,P03_12_H,CTGATCTC,CGTTCGTT
litter,4128,,ITS1,P04,01,A,P04_01_A,AGAGCAGT,AGAGACAC
litter,4940,,ITS1,P04,01,B,P04_01_B,AGAGCAGT,AGCAAGGT
litter,3569,,ITS1,P04,01,C,P04_01_C,AGAGCAGT,CTTGCTTG
litter,4397,,ITS1,P04,01,D,P04_01_D,AGAGCAGT,GGTAGCAA
litter,1514,,ITS1,P04,01,E,P04_01_E,AACCTTCC,AGAGACAC
litter,4725,,ITS1,P04,01,F,P04_01_F,AACCTTCC,AGCAAGGT
litter,1001,,ITS1,P04,01,G,P04_01_G,AACCTTCC,CTTGCTTG
litter,1002,,ITS1,P04,01,H,P04_01_H,AACCTTCC,GGTAGCAA
litter,1003,,ITS1,P04,02,A,P04_02_A,AGAGCAGT,TCTCTCTC
litter,1004,,ITS1,P04,02,B,P04_02_B,AGAGCAGT,CGAACGAA
litter,1005,,ITS1,P04,02,C,P04_02_C,AGAGCAGT,CACAGTCA
litter,1006,,ITS1,P04,02,D,P04_02_D,AGAGCAGT,AGGTCTAC
litter,1007,,ITS1,P04,02,E,P04_02_E,AACCTTCC,TCTCTCTC
litter,1008,,ITS1,P04,02,F,P04_02_F,AACCTTCC,CGAACGAA
litter,1009,,ITS1,P04,02,G,P04_02_G,AACCTTCC,CACAGTCA
litter,1010,,ITS1,P04,02,H,P04_02_H,AACCTTCC,AGGTCTAC
litter,1011,,ITS1,P04,03,A,P04_03_A,AGAGCAGT,GTACTGGT
litter,1012,,ITS1,P04,03,B,P04_03_B,AGAGCAGT,TGTCGACA
litter,MF1,,ITS1,P04,03,C,P04_03_C,AGAGCAGT,CAGTGAGA
litter,MF2,,ITS1,P04,03,D,P04_03_D,AGAGCAGT,GCATGGAA
litter,MF3,,ITS1,P04,03,E,P04_03_E,AACCTTCC,GTACTGGT
litter,MF5,,ITS1,P04,03,F,P04_03_F,AACCTTCC,TGTCGACA
litter,MF9,8 & 9 may have been switched (the order here is the order from the tray),ITS1,P04,03,G,P04_03_G,AACCTTCC,CAGTGAGA
litter,MF8,8 & 9 may have been switched (the order here is the order from the tray),ITS1,P04,03,H,P04_03_H,AACCTTCC,GCATGGAA
litter,8365A,plant DNA?,ITS1,P04,04,A,P04_04_A,AGAGCAGT,GCAACGTT
litter,8332b,Logan,ITS1,P04,04,B,P04_04_B,AGAGCAGT,GACAGAGT
litter,455b,Logan,ITS1,P04,04,C,P04_04_C,AGAGCAGT,CTCTCACA
litter,4b,Logan,ITS1,P04,04,D,P04_04_D,AGAGCAGT,GTTGGTAC
litter,7b,Logan,ITS1,P04,04,E,P04_04_E,AACCTTCC,GCAACGTT
litter,NLPW,Logan,ITS1,P04,04,F,P04_04_F,AACCTTCC,GACAGAGT
litter,NLPA,Logan,ITS1,P04,04,G,P04_04_G,AACCTTCC,CTCTCACA
litter,neg,,ITS1,P04,04,H,P04_04_H,AACCTTCC,GTTGGTAC
litter,pos,,ITS1,P04,05,A,P04_05_A,AGAGCAGT,ATAAGCGG
litter,4128,,ITS2,P04,06,A,P04_06_A,AGAGCAGT,TAGGAACG
litter,4940,,ITS2,P04,06,B,P04_06_B,AGAGCAGT,TGGTTCCT
litter,3569,,ITS2,P04,06,C,P04_06_C,AGAGCAGT,ATCCTAGG
litter,4397,,ITS2,P04,06,D,P04_06_D,AGAGCAGT,CGTTCGTT
litter,1514,,ITS2,P04,06,E,P04_06_E,AACCTTCC,TAGGAACG
litter,4725,,ITS2,P04,06,F,P04_06_F,AACCTTCC,TGGTTCCT
litter,1001,,ITS2,P04,06,G,P04_06_G,AACCTTCC,ATCCTAGG
litter,1002,,ITS2,P04,06,H,P04_06_H,AACCTTCC,CGTTCGTT
litter,1003,,ITS2,P04,07,A,P04_07_A,GTGTACTG,AGAGACAC
litter,1004,,ITS2,P04,07,B,P04_07_B,GTGTACTG,AGCAAGGT
litter,1005,,ITS2,P04,07,C,P04_07_C,GTGTACTG,CTTGCTTG
litter,1006,,ITS2,P04,07,D,P04_07_D,GTGTACTG,GGTAGCAA
litter,1007,,ITS2,P04,07,E,P04_07_E,TCTCAGAG,AGAGACAC
litter,1008,,ITS2,P04,07,F,P04_07_F,TCTCAGAG,AGCAAGGT
litter,1009,,ITS2,P04,07,G,P04_07_G,TCTCAGAG,CTTGCTTG
litter,1010,,ITS2,P04,07,H,P04_07_H,TCTCAGAG,GGTAGCAA
litter,1011,,ITS2,P04,08,A,P04_08_A,GTGTACTG,TCTCTCTC
litter,1012,,ITS2,P04,08,B,P04_08_B,GTGTACTG,CGAACGAA
litter,MF1,,ITS2,P04,08,C,P04_08_C,GTGTACTG,CACAGTCA
litter,MF2,,ITS2,P04,08,D,P04_08_D,GTGTACTG,AGGTCTAC
litter,MF3,,ITS2,P04,08,E,P04_08_E,TCTCAGAG,TCTCTCTC
litter,MF5,,ITS2,P04,08,F,P04_08_F,TCTCAGAG,CGAACGAA
litter,MF9,8 & 9 may have been switched (the order here is the order from the tray),ITS2,P04,08,G,P04_08_G,TCTCAGAG,CACAGTCA
litter,MF8,8 & 9 may have been switched (the order here is the order from the tray),ITS2,P04,08,H,P04_08_H,TCTCAGAG,AGGTCTAC
litter,8365A,plant DNA?,ITS2,P04,09,A,P04_09_A,GTGTACTG,GTACTGGT
litter,8332b,Logan,ITS2,P04,09,B,P04_09_B,GTGTACTG,TGTCGACA
litter,455b,Logan,ITS2,P04,09,C,P04_09_C,GTGTACTG,CAGTGAGA
litter,4b,Logan,ITS2,P04,09,D,P04_09_D,GTGTACTG,GCATGGAA
litter,7b,Logan,ITS2,P04,09,E,P04_09_E,TCTCAGAG,GTACTGGT
litter,NLPW,Logan,ITS2,P04,09,F,P04_09_F,TCTCAGAG,TGTCGACA
litter,NLPA,Logan,ITS2,P04,09,G,P04_09_G,TCTCAGAG,CAGTGAGA
litter,neg,,ITS2,P04,09,H,P04_09_H,TCTCAGAG,GCATGGAA
litter,pos,,ITS2,P04,10,A,P04_10_A,GTGTACTG,GCAACGTT
litter,4128,,V4,P04,11,A,P04_11_A,GTGTACTG,ATAAGCGG
litter,4940,,V4,P04,11,B,P04_11_B,GTGTACTG,GTGTCTCT
litter,3569,,V4,P04,11,C,P04_11_C,GTGTACTG,CTGTACTC
litter,4397,,V4,P04,11,D,P04_11_D,GTGTACTG,TGCACATG
litter,1514,,V4,P04,11,E,P04_11_E,TCTCAGAG,ATAAGCGG
litter,4725,,V4,P04,11,F,P04_11_F,TCTCAGAG,GTGTCTCT
litter,1001,,V4,P04,11,G,P04_11_G,TCTCAGAG,CTGTACTC
litter,1002,,V4,P04,11,H,P04_11_H,TCTCAGAG,TGCACATG
litter,1003,,V4,P04,12,A,P04_12_A,GTGTACTG,TAGGAACG
litter,1004,,V4,P04,12,B,P04_12_B,GTGTACTG,TGGTTCCT
litter,1005,,V4,P04,12,C,P04_12_C,GTGTACTG,ATCCTAGG
litter,1006,,V4,P04,12,D,P04_12_D,GTGTACTG,CGTTCGTT
litter,1007,,V4,P04,12,E,P04_12_E,TCTCAGAG,TAGGAACG
litter,1008,,V4,P04,12,F,P04_12_F,TCTCAGAG,TGGTTCCT
litter,1009,,V4,P04,12,G,P04_12_G,TCTCAGAG,ATCCTAGG
litter,1010,,V4,P04,12,H,P04_12_H,TCTCAGAG,CGTTCGTT
litter,1011,,V4,P05,01,A,P05_01_A,AACCGGTT,AGAGACAC
litter,1012,,V4,P05,01,B,P05_01_B,AACCGGTT,AGCAAGGT
litter,MF1,,V4,P05,01,C,P05_01_C,AACCGGTT,CTTGCTTG
litter,MF2,,V4,P05,01,D,P05_01_D,AACCGGTT,GGTAGCAA
litter,MF3,,V4,P05,01,E,P05_01_E,GATCACCA,AGAGACAC
litter,MF5,,V4,P05,01,F,P05_01_F,GATCACCA,AGCAAGGT
litter,MF9,8 & 9 may have been switched (the order here is the order from the tray),V4,P05,01,G,P05_01_G,GATCACCA,CTTGCTTG
litter,MF8,8 & 9 may have been switched (the order here is the order from the tray),V4,P05,01,H,P05_01_H,GATCACCA,GGTAGCAA
litter,8365A,plant DNA?,V4,P05,02,A,P05_02_A,AACCGGTT,TCTCTCTC
litter,8332b,Logan,V4,P05,02,B,P05_02_B,AACCGGTT,CGAACGAA
litter,455b,Logan,V4,P05,02,C,P05_02_C,AACCGGTT,CACAGTCA
litter,4b,Logan,V4,P05,02,D,P05_02_D,AACCGGTT,AGGTCTAC
litter,7b,Logan,V4,P05,02,E,P05_02_E,GATCACCA,TCTCTCTC
litter,NLPW,Logan,V4,P05,02,F,P05_02_F,GATCACCA,CGAACGAA
litter,NLPA,Logan,V4,P05,02,G,P05_02_G,GATCACCA,CACAGTCA
litter,neg,,V4,P05,02,H,P05_02_H,GATCACCA,AGGTCTAC
litter,1120,redone here since DNA might have been added twice on plate 1,V4,P05,03,A,P05_03_A,AACCGGTT,GTACTGGT
litter,1132,redone here since DNA might have been added twice on plate 2,V4,P05,03,B,P05_03_B,AACCGGTT,TGTCGACA
litter,1327,redone here since DNA might have been added twice on plate 3,V4,P05,03,C,P05_03_C,AACCGGTT,CAGTGAGA
litter,1369,redone here since DNA might have been added twice on plate 4,V4,P05,03,D,P05_03_D,AACCGGTT,GCATGGAA
litter,1343,redone here since DNA might have been added twice on plate 5,V4,P05,03,E,P05_03_E,GATCACCA,GTACTGGT
litter,1294,redone here since DNA might have been added twice on plate 6,V4,P05,03,F,P05_03_F,GATCACCA,TGTCGACA
litter,1270,redone here since DNA might have been added twice on plate 7,V4,P05,03,G,P05_03_G,GATCACCA,CAGTGAGA
litter,1067,redone here since DNA might have been added twice on plate 8,V4,P05,03,H,P05_03_H,GATCACCA,GCATGGAA
litter,pos,,V4,P05,04,A,P05_04_A,AACCGGTT,GCAACGTT
litter,1144,tried to get more DNA out of the original vial - not very successful,V4,P05,04,B,P05_04_B,AACCGGTT,GACAGAGT
litter,1059,tried to get more DNA out of the original vial - successful!,V4,P05,04,C,P05_04_C,AACCGGTT,CTCTCACA
bot,Rep1_22,,V4,P06,01,A,P06_01_A,TGGTGAAG,AGAGACAC
bot,Rep1_21,,V4,P06,01,B,P06_01_B,TGGTGAAG,AGCAAGGT
bot,Rep1_20,,V4,P06,01,C,P06_01_C,TGGTGAAG,CTTGCTTG
bot,Rep1_5,,V4,P06,01,D,P06_01_D,TGGTGAAG,GGTAGCAA
bot,Rep1_4,,V4,P06,01,E,P06_01_E,ACGATGCT,AGAGACAC
bot,Rep1_3,,V4,P06,01,F,P06_01_F,ACGATGCT,AGCAAGGT
bot,Rep1_1,,V4,P06,01,G,P06_01_G,ACGATGCT,CTTGCTTG
bot,Rep2_22,,V4,P06,02,A,P06_02_A,TGGTGAAG,TCTCTCTC
bot,Rep2_21,,V4,P06,02,B,P06_02_B,TGGTGAAG,CGAACGAA
bot,Rep2_20,,V4,P06,02,C,P06_02_C,TGGTGAAG,CACAGTCA
bot,Rep2_5,,V4,P06,02,D,P06_02_D,TGGTGAAG,AGGTCTAC
bot,Rep2_4,,V4,P06,02,E,P06_02_E,ACGATGCT,TCTCTCTC
bot,Rep2_3,,V4,P06,02,F,P06_02_F,ACGATGCT,CGAACGAA
bot,Rep2_1,,V4,P06,02,G,P06_02_G,ACGATGCT,CACAGTCA
bot,Rep3_22,,V4,P06,03,A,P06_03_A,TGGTGAAG,GTACTGGT
bot,Rep3_21,,V4,P06,03,B,P06_03_B,TGGTGAAG,TGTCGACA
bot,Rep3_20,,V4,P06,03,C,P06_03_C,TGGTGAAG,CAGTGAGA
bot,Rep3_5,,V4,P06,03,D,P06_03_D,TGGTGAAG,GCATGGAA
bot,Rep3_4,,V4,P06,03,E,P06_03_E,ACGATGCT,GTACTGGT
bot,Rep3_3,,V4,P06,03,F,P06_03_F,ACGATGCT,TGTCGACA
bot,Rep3_1,,V4,P06,03,G,P06_03_G,ACGATGCT,CAGTGAGA
bot,Rep4_22,,V4,P06,04,A,P06_04_A,TGGTGAAG,GCAACGTT
bot,Rep4_21,,V4,P06,04,B,P06_04_B,TGGTGAAG,GACAGAGT
bot,Rep4_20,,V4,P06,04,C,P06_04_C,TGGTGAAG,CTCTCACA
bot,Rep4_5,,V4,P06,04,D,P06_04_D,TGGTGAAG,GTTGGTAC
bot,Rep4_4,,V4,P06,04,E,P06_04_E,ACGATGCT,GCAACGTT
bot,Rep4_3,,V4,P06,04,F,P06_04_F,ACGATGCT,GACAGAGT
bot,Rep4_1,,V4,P06,04,G,P06_04_G,ACGATGCT,CTCTCACA
bot,E1,,V4,P06,05,A,P06_05_A,TGGTGAAG,ATAAGCGG
bot,E2,,V4,P06,05,B,P06_05_B,TGGTGAAG,GTGTCTCT
bot,E3,,V4,P06,05,C,P06_05_C,TGGTGAAG,CTGTACTC
bot,E4,,V4,P06,05,D,P06_05_D,TGGTGAAG,TGCACATG
bot,T1,,V4,P06,06,A,P06_06_A,TGGTGAAG,TAGGAACG
bot,T2,,V4,P06,06,B,P06_06_B,TGGTGAAG,TGGTTCCT
bot,T3,,V4,P06,06,C,P06_06_C,TGGTGAAG,ATCCTAGG
bot,T4,,V4,P06,06,D,P06_06_D,TGGTGAAG,CGTTCGTT
bot,AD1,,V4,P06,07,A,P06_07_A,GACAACTC,AGAGACAC
bot,AD2,,V4,P06,07,B,P06_07_B,GACAACTC,AGCAAGGT
bot,neg,,V4,P06,07,H,P06_07_H,CGCGATTA,GGTAGCAA